timespreg,plaglu,diastolic,bmi,diabped,age
1,0.12571657776916462,0.2049657519191632,0.01835206601687444,-0.029158561317561407,0.5452384729446581
0.12571657776916462,1,0.22019485445875706,0.2327705110355132,0.1339451061687145,0.2614897445668296
0.2049657519191632,0.22019485445875706,1,0.28036685270140294,-7.626342770532772e-5,0.3203065624683228
0.01835206601687444,0.2327705110355132,0.28036685270140294,1,0.15368312436123882,0.022143899445294688
-0.029158561317561407,0.1339451061687145,-7.626342770532772e-5,0.15368312436123882,1,0.031673999843155345
0.5452384729446581,0.2614897445668296,0.3203065624683228,0.022143899445294688,0.031673999843155345,1
