timespreg,plaglu,diastolic,triceps,serum,bmi,diabped,age
1,0.12945867149927248,0.14128197740713994,-0.08167177444900717,-0.07353461435162811,0.017683090727830607,-0.033522672962613104,0.5443412284023389
0.12945867149927248,1,0.1525895865686645,0.05732789073817704,0.3313571099202091,0.22107106945898297,0.1373372998283707,0.2635143198243335
0.14128197740713994,0.1525895865686645,1,0.20737053840307093,0.08893337837319301,0.2818052888499107,0.04126494793009857,0.23952794642136352
-0.08167177444900717,0.05732789073817704,0.20737053840307093,1,0.43678257012001304,0.39257320415903835,0.18392757295416323,-0.11397026236774167
-0.07353461435162811,0.3313571099202091,0.08893337837319301,0.43678257012001304,1,0.197859056493101,0.18507092916809909,-0.042162954735376866
0.017683090727830607,0.22107106945898297,0.2818052888499107,0.39257320415903835,0.197859056493101,1,0.14064695254510517,0.036241870092294126
-0.033522672962613104,0.1373372998283707,0.04126494793009857,0.18392757295416323,0.18507092916809909,0.14064695254510517,1,0.03356131243480552
0.5443412284023389,0.2635143198243335,0.23952794642136352,-0.11397026236774167,-0.042162954735376866,0.036241870092294126,0.03356131243480552,1
